password!1,password!1,user1,name1,lastnameuser1,ruv@suipa.ki
password!2,password!2,user2,name2,lastnameuser2,zu@miwjo.hn
password!3,password!3,user3,name3,lastnameuser3,zif@gu.km
password!4,password!4,user4,name4,lastnameuser4,ewajuk@veuj.si
password!5,password!5,user5,name5,lastnameuser5,goculgo@te.nz
password!6,password!6,user6,name6,lastnameuser6,zalene@cetdodka.tr
password!7,password!7,user7,name7,lastnameuser7,teugole@ozkav.tr
password!8,password!8,user8,name8,lastnameuser8,rop@pibidke.tn
password!9,password!9,user9,name9,lastnameuser9,wewpagbej@wa.lt
password!10,password!10,user10,name10,lastnameuser10,po@esabeb.tc
password!11,password!11,user11,name11,lastnameuser11,difu@oju.lt
password!12,password!12,user12,name12,lastnameuser12,buol@robuzgi.gr
password!13,password!13,user13,name13,lastnameuser13,le@ruigozez.at
password!14,password!14,user14,name14,lastnameuser14,zurvi@omawobnuw.gq
password!15,password!15,user15,name15,lastnameuser15,guoluute@aw.ng
password!16,password!16,user16,name16,lastnameuser16,cin@wigil.er
password!17,password!17,user17,name17,lastnameuser17,kero@fa.tv
password!18,password!18,user18,name18,lastnameuser18,gi@zo.ug
password!19,password!19,user19,name19,lastnameuser19,jajule@pa.gg
password!20,password!20,user20,name20,lastnameuser20,babi@bufeki.fr
password!21,password!21,user21,name21,lastnameuser21,fitzonoj@gub.cl
password!22,password!22,user22,name22,lastnameuser22,va@ge.bg
password!23,password!23,user23,name23,lastnameuser23,ge@uvime.lv
password!24,password!24,user24,name24,lastnameuser24,cuwezu@elhaha.gw
password!25,password!25,user25,name25,lastnameuser25,hug@wupnaz.dk
password!26,password!26,user26,name26,lastnameuser26,seizgo@kioscak.tt
password!27,password!27,user27,name27,lastnameuser27,gitahi@intif.nf
password!28,password!28,user28,name28,lastnameuser28,kokeziw@lowsij.ec
password!29,password!29,user29,name29,lastnameuser29,ablurme@vasib.bv
password!30,password!30,user30,name30,lastnameuser30,zuzuzori@tozfo.pk
password!31,password!31,user31,name31,lastnameuser31,fifnomfe@safo.sl
password!32,password!32,user32,name32,lastnameuser32,cow@te.co.uk
password!33,password!33,user33,name33,lastnameuser33,juewsi@wigcefdun.sg
password!34,password!34,user34,name34,lastnameuser34,opzeuzo@lopespi.bw
password!35,password!35,user35,name35,lastnameuser35,ewo@eza.nl
password!36,password!36,user36,name36,lastnameuser36,emto@jawerdiz.se
password!37,password!37,user37,name37,lastnameuser37,utooruku@bip.td
password!38,password!38,user38,name38,lastnameuser38,betpunep@ih.lv
password!39,password!39,user39,name39,lastnameuser39,en@owlicu.as
password!40,password!40,user40,name40,lastnameuser40,dibihih@zemfopni.vi
password!41,password!41,user41,name41,lastnameuser41,zov@wegecvo.gh
password!42,password!42,user42,name42,lastnameuser42,ba@vejip.fo
password!43,password!43,user43,name43,lastnameuser43,cukek@wud.aq
password!44,password!44,user44,name44,lastnameuser44,nekuj@zaucu.vg
password!45,password!45,user45,name45,lastnameuser45,fiebrop@pevzu.uk
password!46,password!46,user46,name46,lastnameuser46,fiv@adialutas.wf
password!47,password!47,user47,name47,lastnameuser47,kafa@inuteti.mp
password!48,password!48,user48,name48,lastnameuser48,zef@rope.bs
password!49,password!49,user49,name49,lastnameuser49,mibvipko@jefzan.my
password!50,password!50,user50,name50,lastnameuser50,gi@gup.bi
password!51,password!51,user51,name51,lastnameuser51,cupcungi@pabbub.bg
password!52,password!52,user52,name52,lastnameuser52,udsiel@va.dz
password!53,password!53,user53,name53,lastnameuser53,mewliwzud@otiozeini.uz
password!54,password!54,user54,name54,lastnameuser54,weit@ta.am
password!55,password!55,user55,name55,lastnameuser55,ubicojag@tijitufu.ve
password!56,password!56,user56,name56,lastnameuser56,vocemdiv@eri.na
password!57,password!57,user57,name57,lastnameuser57,joresaob@aw.pw
password!58,password!58,user58,name58,lastnameuser58,micfab@jojzuh.id
password!59,password!59,user59,name59,lastnameuser59,onozuwzew@epa.au
password!60,password!60,user60,name60,lastnameuser60,makahneb@paza.ae
password!61,password!61,user61,name61,lastnameuser61,po@ubuokeos.bi
password!62,password!62,user62,name62,lastnameuser62,ac@mitdocdi.bd
password!63,password!63,user63,name63,lastnameuser63,vuafahub@aferu.gt
password!64,password!64,user64,name64,lastnameuser64,oh@foromulum.nf
password!65,password!65,user65,name65,lastnameuser65,pi@jikdo.je
password!66,password!66,user66,name66,lastnameuser66,cew@wo.gs
password!67,password!67,user67,name67,lastnameuser67,ebve@haribren.sl
password!68,password!68,user68,name68,lastnameuser68,su@wavadu.sh
password!69,password!69,user69,name69,lastnameuser69,bobseaja@ogzer.se
password!70,password!70,user70,name70,lastnameuser70,dujna@ebkof.yt
password!71,password!71,user71,name71,lastnameuser71,ataru@jadnukpuw.ws
password!72,password!72,user72,name72,lastnameuser72,masnusom@mimija.dj
password!73,password!73,user73,name73,lastnameuser73,ohmo@govceslu.mc
password!74,password!74,user74,name74,lastnameuser74,toba@sowabved.ir
password!75,password!75,user75,name75,lastnameuser75,lulumjub@eb.fr
password!76,password!76,user76,name76,lastnameuser76,vu@si.bs
password!77,password!77,user77,name77,lastnameuser77,pezucluw@ve.lr
password!78,password!78,user78,name78,lastnameuser78,cijkawvo@dohnoctem.lb
password!79,password!79,user79,name79,lastnameuser79,ukaap@upwiheve.ck
password!80,password!80,user80,name80,lastnameuser80,fil@nakeraluv.fm
password!81,password!81,user81,name81,lastnameuser81,ilde@sole.vi
password!82,password!82,user82,name82,lastnameuser82,asrewu@eco.bn
password!83,password!83,user83,name83,lastnameuser83,ikonu@fovosofu.bf
password!84,password!84,user84,name84,lastnameuser84,rikeic@oru.pe
password!85,password!85,user85,name85,lastnameuser85,gahvov@lagucud.no
password!86,password!86,user86,name86,lastnameuser86,ba@hikigu.zm
password!87,password!87,user87,name87,lastnameuser87,vamu@od.wf
password!88,password!88,user88,name88,lastnameuser88,tecgijuc@tohi.om
password!89,password!89,user89,name89,lastnameuser89,pasovdot@zooffu.ro
password!90,password!90,user90,name90,lastnameuser90,kohlogi@vudicet.tg
password!91,password!91,user91,name91,lastnameuser91,hafdalgum@fe.om
password!92,password!92,user92,name92,lastnameuser92,zih@boeto.kw
password!93,password!93,user93,name93,lastnameuser93,kiz@nalvurih.it
password!94,password!94,user94,name94,lastnameuser94,lunim@few.mr
password!95,password!95,user95,name95,lastnameuser95,rarace@resaev.tj
password!96,password!96,user96,name96,lastnameuser96,akumunpaj@zoom.ee
password!97,password!97,user97,name97,lastnameuser97,esa@fode.za
password!98,password!98,user98,name98,lastnameuser98,dabe@johuka.ba
password!99,password!99,user99,name99,lastnameuser99,pipdus@cu.tr
password!100,password!100,user100,name100,lastnameuser100,voazi@zomrul.cr
password!101,password!101,user101,name101,lastnameuser101,bagwumade@jadezu.nz
password!102,password!102,user102,name102,lastnameuser102,law@du.lb
password!103,password!103,user103,name103,lastnameuser103,hirevo@fiozzi.pa
password!104,password!104,user104,name104,lastnameuser104,sefigzan@hakmu.fo
password!105,password!105,user105,name105,lastnameuser105,inimecsat@cap.ai
password!106,password!106,user106,name106,lastnameuser106,susuwral@tabdu.tw
password!107,password!107,user107,name107,lastnameuser107,ufmer@wohnu.sd
password!108,password!108,user108,name108,lastnameuser108,ugi@do.sj
password!109,password!109,user109,name109,lastnameuser109,zuc@wabfer.gy
password!110,password!110,user110,name110,lastnameuser110,acboz@napwucaci.ni
password!111,password!111,user111,name111,lastnameuser111,uhehoes@kidsaj.bh
password!112,password!112,user112,name112,lastnameuser112,dowitop@ib.so
password!113,password!113,user113,name113,lastnameuser113,kam@ham.ms
password!114,password!114,user114,name114,lastnameuser114,cac@pewla.ba
password!115,password!115,user115,name115,lastnameuser115,zetamial@tipwoh.tw
password!116,password!116,user116,name116,lastnameuser116,kal@aseleji.ss
password!117,password!117,user117,name117,lastnameuser117,teezfub@ned.bw
password!118,password!118,user118,name118,lastnameuser118,fe@uki.ws
password!119,password!119,user119,name119,lastnameuser119,berog@puw.lu
password!120,password!120,user120,name120,lastnameuser120,wedale@bave.io
password!121,password!121,user121,name121,lastnameuser121,zewkub@leceze.ss
password!122,password!122,user122,name122,lastnameuser122,ugmi@wadi.lk
password!123,password!123,user123,name123,lastnameuser123,manon@bu.kp
password!124,password!124,user124,name124,lastnameuser124,rak@weri.et
password!125,password!125,user125,name125,lastnameuser125,lijeba@asohurin.tt
password!126,password!126,user126,name126,lastnameuser126,jos@ol.tw
password!127,password!127,user127,name127,lastnameuser127,umahoala@gugun.do
password!128,password!128,user128,name128,lastnameuser128,hok@gu.pr
password!129,password!129,user129,name129,lastnameuser129,urjil@ur.pa
password!130,password!130,user130,name130,lastnameuser130,bucgufce@zesraw.bf
password!131,password!131,user131,name131,lastnameuser131,ijewi@merideg.ma
password!132,password!132,user132,name132,lastnameuser132,rej@mopvi.mx
password!133,password!133,user133,name133,lastnameuser133,lici@la.mu
password!134,password!134,user134,name134,lastnameuser134,loiga@civididaz.om
password!135,password!135,user135,name135,lastnameuser135,buhaw@wusugat.nc
password!136,password!136,user136,name136,lastnameuser136,sifri@ra.bf
password!137,password!137,user137,name137,lastnameuser137,run@koudze.ve
password!138,password!138,user138,name138,lastnameuser138,wo@opuivo.au
password!139,password!139,user139,name139,lastnameuser139,sit@watehnoc.ug
password!140,password!140,user140,name140,lastnameuser140,ilawihod@get.mt
password!141,password!141,user141,name141,lastnameuser141,wasgojiz@waemu.kn
password!142,password!142,user142,name142,lastnameuser142,orcof@ad.gy
password!143,password!143,user143,name143,lastnameuser143,rilfof@te.co.uk
password!144,password!144,user144,name144,lastnameuser144,egizalza@hovdorjo.sb
password!145,password!145,user145,name145,lastnameuser145,kevta@satdufso.ck
password!146,password!146,user146,name146,lastnameuser146,siv@mez.ae
password!147,password!147,user147,name147,lastnameuser147,ahri@zeh.er
password!148,password!148,user148,name148,lastnameuser148,pomi@tod.mg
password!149,password!149,user149,name149,lastnameuser149,rauwfoh@ihisocsip.hn
password!150,password!150,user150,name150,lastnameuser150,hapa@vogvihlu.gt
password!151,password!151,user151,name151,lastnameuser151,oddos@afpit.co.uk
password!152,password!152,user152,name152,lastnameuser152,womdaiv@wem.st
password!153,password!153,user153,name153,lastnameuser153,jop@agigo.hk
password!154,password!154,user154,name154,lastnameuser154,runjij@li.gp
password!155,password!155,user155,name155,lastnameuser155,avfipve@nufen.ag
password!156,password!156,user156,name156,lastnameuser156,ec@eroosawof.gu
password!157,password!157,user157,name157,lastnameuser157,na@eza.pe
password!158,password!158,user158,name158,lastnameuser158,zuaskoz@pilu.nz
password!159,password!159,user159,name159,lastnameuser159,batij@ibolicupo.sy
password!160,password!160,user160,name160,lastnameuser160,zebumov@viznubu.pg
password!161,password!161,user161,name161,lastnameuser161,hajpega@pekhod.je
password!162,password!162,user162,name162,lastnameuser162,hohkeam@ecbebka.so
password!163,password!163,user163,name163,lastnameuser163,ikeza@aleavave.gn
password!164,password!164,user164,name164,lastnameuser164,lo@poovudo.vg
password!165,password!165,user165,name165,lastnameuser165,vub@ca.va
password!166,password!166,user166,name166,lastnameuser166,uto@tir.su
password!167,password!167,user167,name167,lastnameuser167,zocdal@huku.ec
password!168,password!168,user168,name168,lastnameuser168,ufo@mewuko.fi
password!169,password!169,user169,name169,lastnameuser169,belnuk@ra.es
password!170,password!170,user170,name170,lastnameuser170,uhpepor@jujinzi.lu
password!171,password!171,user171,name171,lastnameuser171,fiktu@nodici.tf
password!172,password!172,user172,name172,lastnameuser172,pi@afupo.bo
password!173,password!173,user173,name173,lastnameuser173,rim@laj.ro
password!174,password!174,user174,name174,lastnameuser174,rami@eno.tt
password!175,password!175,user175,name175,lastnameuser175,ri@nas.za
password!176,password!176,user176,name176,lastnameuser176,junlilfon@uka.th
password!177,password!177,user177,name177,lastnameuser177,obewos@hokpobvu.ci
password!178,password!178,user178,name178,lastnameuser178,eh@ze.tj
password!179,password!179,user179,name179,lastnameuser179,ike@usa.uz
password!180,password!180,user180,name180,lastnameuser180,ril@ropomo.ag
password!181,password!181,user181,name181,lastnameuser181,pontu@ku.tr
password!182,password!182,user182,name182,lastnameuser182,lu@jeroj.be
password!183,password!183,user183,name183,lastnameuser183,guaja@bi.mw
password!184,password!184,user184,name184,lastnameuser184,midvaz@uvuuz.pg
password!185,password!185,user185,name185,lastnameuser185,ammab@ro.bs
password!186,password!186,user186,name186,lastnameuser186,kuka@gapimbe.id
password!187,password!187,user187,name187,lastnameuser187,dijo@emuoceto.bq
password!188,password!188,user188,name188,lastnameuser188,zac@ga.cf
password!189,password!189,user189,name189,lastnameuser189,jabilhus@jo.ne
password!190,password!190,user190,name190,lastnameuser190,lo@icicoj.na
password!191,password!191,user191,name191,lastnameuser191,jukocde@luikzoc.ad
password!192,password!192,user192,name192,lastnameuser192,jut@jazu.lv
password!193,password!193,user193,name193,lastnameuser193,bache@dinapge.np
password!194,password!194,user194,name194,lastnameuser194,tin@itoavse.tr
password!195,password!195,user195,name195,lastnameuser195,kak@nufmo.bq
password!196,password!196,user196,name196,lastnameuser196,sek@vehdewu.jp
password!197,password!197,user197,name197,lastnameuser197,monar@mempim.pn
password!198,password!198,user198,name198,lastnameuser198,osurocep@jibepfaf.tv
password!199,password!199,user199,name199,lastnameuser199,juv@nofsuncu.ne
password!200,password!200,user200,name200,lastnameuser200,saf@pipaza.es
password!201,password!201,user201,name201,lastnameuser201,erkuh@nedcocub.mg
password!202,password!202,user202,name202,lastnameuser202,gizedrov@ifo.pf
password!203,password!203,user203,name203,lastnameuser203,lofiw@zem.ci
password!204,password!204,user204,name204,lastnameuser204,jopode@eh.pn
password!205,password!205,user205,name205,lastnameuser205,godotba@ja.bq
password!206,password!206,user206,name206,lastnameuser206,ahu@iji.tg
password!207,password!207,user207,name207,lastnameuser207,atotcel@eve.ee
password!208,password!208,user208,name208,lastnameuser208,tek@ow.ai
password!209,password!209,user209,name209,lastnameuser209,afnoak@dejef.ga
password!210,password!210,user210,name210,lastnameuser210,jufuwu@huprod.pf
password!211,password!211,user211,name211,lastnameuser211,legizoh@tehafula.lk
password!212,password!212,user212,name212,lastnameuser212,rok@lof.co.uk
password!213,password!213,user213,name213,lastnameuser213,podo@mi.fk
password!214,password!214,user214,name214,lastnameuser214,sioba@di.nz
password!215,password!215,user215,name215,lastnameuser215,binvep@de.ms
password!216,password!216,user216,name216,lastnameuser216,to@komijta.sl
password!217,password!217,user217,name217,lastnameuser217,ejsajgib@cunun.gi
password!218,password!218,user218,name218,lastnameuser218,evjo@lulu.tj
password!219,password!219,user219,name219,lastnameuser219,fup@ikolog.rs
password!220,password!220,user220,name220,lastnameuser220,gej@sop.bt
password!221,password!221,user221,name221,lastnameuser221,heevoote@jatun.gh
password!222,password!222,user222,name222,lastnameuser222,zanoci@co.edu
password!223,password!223,user223,name223,lastnameuser223,arueto@hud.io
password!224,password!224,user224,name224,lastnameuser224,erepuv@utiam.su
password!225,password!225,user225,name225,lastnameuser225,zofdu@vit.dj
password!226,password!226,user226,name226,lastnameuser226,ejani@rijuj.ga
password!227,password!227,user227,name227,lastnameuser227,na@to.hn
password!228,password!228,user228,name228,lastnameuser228,bakeg@pofzejlu.mv
password!229,password!229,user229,name229,lastnameuser229,sar@erup.jm
password!230,password!230,user230,name230,lastnameuser230,ba@riclafmef.mp
password!231,password!231,user231,name231,lastnameuser231,jivda@et.ml
password!232,password!232,user232,name232,lastnameuser232,fucir@vijhi.qa
password!233,password!233,user233,name233,lastnameuser233,hih@ziilomi.jo
password!234,password!234,user234,name234,lastnameuser234,fofaz@fezwipif.cm
password!235,password!235,user235,name235,lastnameuser235,jak@kik.hr
password!236,password!236,user236,name236,lastnameuser236,wo@kuhwor.sg
password!237,password!237,user237,name237,lastnameuser237,sopekviw@fuhi.tw
password!238,password!238,user238,name238,lastnameuser238,riogum@zoh.jo
password!239,password!239,user239,name239,lastnameuser239,dat@puwkafi.bo
password!240,password!240,user240,name240,lastnameuser240,juizemen@wo.mt
password!241,password!241,user241,name241,lastnameuser241,ma@co.org
password!242,password!242,user242,name242,lastnameuser242,olwif@piwarhu.id
password!243,password!243,user243,name243,lastnameuser243,jiufimun@col.ly
password!244,password!244,user244,name244,lastnameuser244,tanzidjo@bip.cr
password!245,password!245,user245,name245,lastnameuser245,ukratu@rokuse.lk
password!246,password!246,user246,name246,lastnameuser246,vubu@bojicviz.bn
password!247,password!247,user247,name247,lastnameuser247,dijobez@tevagbiv.lr
password!248,password!248,user248,name248,lastnameuser248,mewseb@soglag.re
password!249,password!249,user249,name249,lastnameuser249,bi@huit.la
password!250,password!250,user250,name250,lastnameuser250,niig@hema.gu
