1,Z,Pablo
2,Q,Angla
3,J,Shannon
4,T,Michael
5,V,Kathryn
6,E,Kenneth
7,W,Christina
8,J,Paul
9,A,Mark
10,I,Mike
11,M,Ray
12,O,Brandon
13,E,Tara
14,W,Raphael
15,O,Thomas
16,Y,Arlene
17,A,Albert
18,E,Patrick
19,T,Mary
20,V,Charles
21,P,Victoria
22,O,Jimmie
23,O,Lloyd
24,E,Donald
25,Z,Ruth
26,D,Amanda
27,E,Claudia
28,Y,Christine
29,R,Joseph
30,C,Michael
31,V,Nicholas
32,R,Mike
33,U,Jessica
34,K,Robert
35,H,Edward
36,V,Jennifer
37,H,Clarence
38,K,Charles
39,E,Cindy
40,M,William
41,W,Michael
42,F,Terrence
43,J,Carol
44,Z,Susan
45,P,Helene
46,X,Frank
47,A,Javier
48,O,Neil
49,J,Barbara
50,L,David
51,X,Daisey
52,T,Matthew
53,J,Kim
54,R,Richard
55,J,Margaret
56,I,Douglas
57,Q,Kimberly
58,G,Kristen
59,K,Nickolas
60,U,Lorna
61,F,Leroy
62,H,Lelia
63,B,Perry
64,T,Genevieve
65,S,Scott
66,U,Eduardo
67,L,Patricia
68,T,Nick
69,N,Eugene
70,N,Stacy
71,B,Jim
72,V,Summer
73,H,Donald
74,L,Mary
75,H,Christine
76,N,Jean
77,O,Susan
78,M,Catherine
79,L,Romaine
80,E,William
81,C,Pat
82,M,Raymond
83,V,Matthew
84,U,James
85,H,David
86,A,Janet
87,A,Alice
88,M,Lynn
89,Y,Connie
90,X,Whitney
91,J,Ned
92,Q,Lue
93,S,Christine
94,J,Willie
95,L,James
96,E,Isaiah
97,K,David
98,K,Johnny
99,M,Charles
100,S,Larry
101,N,Harrison
102,N,Philip
103,X,Valorie
104,A,Esther
105,S,Chad
106,F,Laura
107,G,Ezekiel
108,Y,Jerry
109,X,Susan
110,U,Aaron
111,M,Naomi
112,U,Richard
113,W,Romana
114,K,Polly
115,W,Angela
116,U,Thaddeus
117,O,Lois
118,H,Alma
119,J,Keith
120,I,Abigail
121,C,Traci
122,G,Katelyn
123,O,Jacob
124,D,Erika
125,M,Muriel
126,I,Brenda
127,F,James
128,Q,Robert
129,O,Paul
130,M,Jennifer
131,G,Joyce
132,C,Ashley
133,N,Monica
134,P,Steven
135,B,Samuel
136,Y,Sheila
137,Y,April
138,P,Jay
139,O,Robert
140,Z,Beatrice
141,F,Willie
142,I,William
143,E,Amy
144,V,Raul
145,K,Jason
146,Y,John
147,N,Pat
148,G,James
149,T,Lauren
150,F,Linda
151,Y,Frank
152,R,Candy
153,I,May
154,O,Kenneth
155,T,Carol
156,T,Carlos
157,N,William
158,P,Lewis
159,W,Steven
160,S,Robert
161,E,Guadalupe
162,E,Ashley
163,M,Julia
164,P,Dana
165,R,Jill
166,T,Brandon
167,D,Mary
168,K,Julie
169,K,Gene
170,K,John
171,R,Alice
172,W,Louise
173,E,Gretchen
174,X,Paul
175,E,Edwin
176,L,Judy
177,L,William
178,Z,Jason
179,R,Paul
180,V,Kenneth
181,H,Susan
182,H,Christina
183,H,Linda
184,F,Steve
185,W,Peter
186,D,Joseph
187,O,Antonio
188,I,Adam
189,M,Estelle
190,Z,Andrea
191,R,Evelyn
192,U,Richard
193,W,Lisa
194,J,Eric
195,R,Ryan
196,F,Henry
197,T,Luis
198,Q,Joe
199,M,Roy
200,T,Emma
201,O,David
202,X,Kim
203,W,Jacqueline
204,N,Travis
205,E,Norma
206,G,Caitlin
207,G,Anne
208,X,Stanley
209,Y,Robin
210,B,Robert
211,X,Alex
212,K,David
213,V,Stacey
214,D,Evelyn
215,X,Pam
216,M,Margret
217,S,Jon
218,U,Patrick
219,M,Raymond
220,P,David
221,W,Michael
222,F,Kia
223,Q,Laronda
224,X,Kenneth
225,W,Leanne
226,B,Christopher
227,U,Patrick
228,V,Rosa
229,H,Christine
230,M,Ricky
231,S,Albert
232,Y,Christopher
233,B,Teresa
234,V,George
235,X,Mark
236,J,Michael
237,W,Joy
238,A,Raymond
239,R,Paul
240,C,Paul
241,K,Richard
242,H,Michael
243,Z,John
244,A,Jonathan
245,Q,Anthony
246,X,Leisa
247,D,Dinah
248,H,Mary
249,N,Jesse
250,X,Marina
251,T,Ingeborg
252,L,Daniel
253,G,Ana
254,F,Kasey
255,I,Abbie
256,J,Juan
257,V,James
258,V,Thelma
259,V,Gladys
260,X,Willie
261,N,Patricia
262,A,Garrett
263,D,Janice
264,K,Jaime
265,H,Eric
266,M,Linnea
267,V,James
268,W,Nick
269,T,Mattie
270,B,William
271,Y,Jennifer
272,Y,Larry
273,O,Jennifer
274,N,Rebecca
275,V,Sherry
276,V,Charlotte
277,S,Marlon
278,I,Claudia
279,R,Lupe
280,G,David
281,O,Carolyn
282,P,Nicole
283,N,Howard
284,A,Henry
285,H,Thomas
286,C,Carol
287,E,Kendra
288,Y,Marion
289,Q,Jose
290,A,Tina
291,W,Reggie
292,C,Janet
293,O,Laura
294,Z,Agnes
295,D,George
296,K,Nettie
297,Z,Jason
298,W,Emma
299,Z,Michael
300,A,Francisca
301,N,Lisa
302,Q,Jean
303,L,Warren
304,C,Patricia
305,P,Joy
306,Q,Jocelyn
307,L,Dallas
308,A,Thomas
309,W,Mary
310,F,James
311,T,Guillermina
312,N,Donald
313,E,Thomas
314,L,Cody
315,P,Rosie
316,F,Helen
317,Y,Marvin
318,I,Ellen
319,H,Edward
320,A,James
321,O,Joanne
322,H,Cory
323,O,Melissa
324,D,Jewell
325,R,Amanda
326,J,Joshua
327,D,Donna
328,K,Whitney
329,G,Debra
330,U,John
331,X,Maybelle
332,X,Freddie
333,S,David
334,S,Patsy
335,K,Christina
336,U,George
337,K,Frances
338,I,Shelba
339,I,Laura
340,A,Lisa
341,S,Philip
342,W,James
343,O,Cynthia
344,D,John
345,T,Beth
346,P,Hilda
347,K,Donald
348,B,John
349,T,Catherine
350,K,Norman
351,G,Allen
352,H,Richard
353,A,Heather
354,X,Cynthia
355,S,Ross
356,Q,Leonard
357,J,Maria
358,D,Katherine
359,J,Michael
360,B,Billy
361,C,Catherine
362,Z,Eric
363,P,Danny
364,R,Judy
365,T,Byron
366,I,Cecelia
367,J,Emily
368,B,Gary
369,N,Ronald
370,K,Jeffrey
371,F,Christina
372,M,Terrence
373,Y,Doretha
374,M,Teresa
375,Q,Daniel
376,K,Jennifer
377,B,Bethany
378,O,Socorro
379,J,Colleen
380,A,Howard
381,D,Molly
382,B,Renee
383,D,Everett
384,O,Peggy
385,U,Monte
386,S,Meredith
387,D,Ryan
388,K,Kristen
389,T,Cecilia
390,A,Carlee
391,F,Darline
392,O,Lisa
393,C,Fred
394,G,Robin
395,Z,Candelaria
396,Q,Jacob
397,I,Joshua
398,G,William
399,W,Patricia
400,Y,Brandy
