1,Dosehi,Zqr
2,Veodluf,Gfb
3,Elogacso,Xov
4,Wevwasuz,Emp
5,Kanlisfad,Ptb
6,Pasuvhun,Dyw
7,Izitupliv,Dow
8,Ewajuki,Fnz
9,Ramucpuk,Bzv
10,Finafit,Dxu
11,Kunbimas,Vnd
12,Jeijavo,Wgt
13,Odetutan,Noh
14,Nupnoufo,Dfk
15,Fohuvguv,Tya
16,Ogaletja,Phi
17,Pohujano,Fiq
18,Zipbuhar,Gta
19,Seture,Sjd
20,Oleocejam,Anv
21,Biatawed,Osx
22,Wacdosu,Stg
23,Emefucep,Drh
24,Erkait,Hty
25,Duhavek,Vod
26,Dagunbot,Yzz
27,Mokfarez,Pek
28,Tarifo,Flw
29,Cavidit,Gjn
30,Apjobli,Awe
31,Likunbu,Clt
32,Povputim,Xgb
33,Pujozkad,Efy
34,Noggeud,Xaf
35,Vezescuh,Ndq
36,Zawdecu,Oze
37,Suivive,Blo
38,Urosunif,Xnj
39,Kavniigi,Elq
40,Urowocfu,Xev
41,Cembujna,Zaw
42,Ebatoen,Oyp
43,Mosime,Xaq
44,Ulsowwik,Vir
45,Domicmew,Yra
46,Gaicooba,Qgq
47,Vahowav,Wyq
48,Alasku,Oxx
49,Bezhujub,Hfn
50,Safrejo,Cnj
51,Gidavtud,Bfh
52,Fejucok,Gmn
53,Zadpafe,Xou
54,Bofavuj,Wyi
55,Hozewsod,Ucv
56,Bissalawi,Mba
57,Hodisibuv,Idg
58,Detgupeha,Upv
59,Boharrid,Yjd
60,Butfajpah,Uzs
61,Cunuen,Uim
62,Zuszumde,Frw
63,Kuzalcep,Wjq
64,Sofleji,Mui
65,Suhvolane,Tpr
66,Ephake,Pxu
67,Otazujov,Pgo
68,Jopoaw,Fut
69,Jakuwwu,Hfz
70,Emzaewa,Dsr
71,Tigkoan,Fgs
72,Rizofzi,Ree
73,Wozudhol,Sax
74,Nekemje,Zln
75,Jihfetdu,Snk
76,Wovnanmi,Pst
77,Binuhic,Aeu
78,Wajcukdu,Flf
79,Vecrirep,Eic
80,Fimoiv,Kle
81,Dopimoite,Dai
82,Zamhogu,Izy
83,Avcisli,Wfn
84,Uraatuoko,Tup
85,Gofnane,Aam
86,Cimova,Jul
87,Jigojeti,Cfs
88,Jebedgi,Ffp
89,Falhiov,Tnr
90,Caoriira,Ref
91,Vozadha,Xcg
92,Cujuple,Qnw
93,Mubcuuba,Hyz
94,Vogoban,Opb
95,Puemudar,Mli
96,Olitanot,Qzs
97,Mobuva,Lxq
98,Duecuz,Uuu
99,Kaasowe,Iso
100,Jafvepwa,Xiv
101,Mumwugko,Qkd
102,Ezejento,Nrp
103,Simpohbu,Cvu
104,Falorib,Etl
105,Zazzeto,Qtp
106,Gajzuzid,Mlq
107,Vicauka,Lyc
108,Jidracruc,Yeg
109,Famehig,Gry
110,Akunujav,Ldg
111,Wonojuf,Vkh
112,Gepohena,Uhk
113,Sedmidva,Zkg
114,Ziadigu,Bcz
115,Teviwi,Lfd
116,Mawihwaj,Cux
117,Jofcofur,Drt
118,Rebturwij,Ixv
119,Jaruror,Fzx
120,Arwoba,Bfq
121,Faseret,Ykl
122,Ohgule,Czt
123,Ucobefoz,Qzi
124,Hahkufnop,Rxg
125,Zubentok,Yms
126,Iskosoro,Xlt
127,Garezu,Qyp
128,Habvojos,Ozb
129,Rasanku,Stx
130,Ujunippah,Hpv
131,Cawpuso,Bgb
132,Huwzahnow,Wls
133,Curpevro,Oex
134,Jawajo,Wko
135,Sajiime,Ish
136,Kejgahjon,Pkr
137,Ojajolme,Twi
138,Ujcuno,Utb
139,Awvote,Ynp
140,Fihodzi,Hnn
141,Ruiwwe,Fjg
142,Magsiwul,Bcf
143,Jewipodoj,Wgn
144,Wokageohi,Gws
145,Cuhihapi,Tnp
146,Zodawava,Qob
147,Segrose,Hvh
148,Rozooc,Fyu
149,Ceenda,Pkb
150,Wuwijoz,Bix
151,Ihbaij,Uqm
152,Zivsiwib,Xpb
153,Rernizjap,Hff
154,Rekgovge,Lvn
155,Mijdolu,Okr
156,Mokikwaf,Erh
157,Noupufa,Zta
158,Dojiil,Uqk
159,Lezicbag,Odd
160,Hacehava,Uzq
161,Ebalme,Tpo
162,Okafouc,Yrn
163,Ofluked,Gdw
164,Wiaziot,Akl
165,Kucohhih,Eqq
166,Tuvvawpat,Ett
167,Cirunwa,Cuf
168,Tersaomo,Njy
169,Uggaman,Dki
170,Pikujcod,Sok
171,Kicihke,Pfw
172,Tednacab,Gek
173,Efgotpa,Jdh
174,Dikmelosu,Pfb
175,Numekve,Vvp
176,Jametokad,Ycu
177,Ocsejuf,Aby
178,Arbunhav,Sow
179,Kulzoziw,Koj
180,Mobahaza,Tmk
181,Ogpukfik,Kwz
182,Heorivet,Skv
183,Obuvopgeg,Xta
184,Dovopi,Lzm
185,Tehhufbu,Mft
186,Nabsicjuz,Plw
187,Turfomdoz,Pyw
188,Rocisfu,Pke
189,Hafosul,Thj
190,Fajdaed,Ugp
191,Opkipifi,Ipa
192,Ehesevva,Cvm
193,Lozeben,Dci
194,Itpeno,Bjk
195,Ehuledzus,Rfv
196,Hupovhi,Sbc
197,Bavefme,Nqj
198,Sedlicedu,Zas
199,Uduobbi,Wvs
200,Muliri,Czk
201,Zapbekol,Cas
202,Cakege,Rec
203,Tijhosir,Tsg
204,Usokeneh,Iuh
205,Zanedvuv,Dyh
206,Libicag,Ifw
207,Zolgake,Rxr
208,Pukonuca,Aii
209,Ohuhuna,Nln
210,Supulub,Rch
211,Nigowo,Etr
212,Sabeus,Iql
213,Nospigcof,Rdu
214,Omorboc,Nae
215,Evobazom,Gvk
216,Ajehofga,Ogg
217,Jehonjov,Lcb
218,Owdume,Lqm
219,Ojeolojiv,Hwy
220,Ajmawu,Vek
221,Okejipin,Wij
222,Sespekic,Jfg
223,Doisinus,Qwp
224,Omiivusi,Qci
225,Sevnerob,Svf
226,Aloseptu,Fpj
227,Letvigin,Two
228,Owewaja,Yzu
229,Hetoveulu,Jck
230,Renhajpi,Flx
231,Sucohge,Qhg
232,Ewzoefu,Ije
233,Fisarozo,Xuc
234,Potzeloz,Jlp
235,Zifouga,Scy
236,Isjufiw,Smz
237,Foczilej,Qgw
238,Awmefdo,Wkr
239,Irebiatu,Qav
240,Sowikota,Frf
241,Sebulha,Paa
242,Iropekol,Dxz
243,Futbunmur,Oec
244,Hoecaja,Gxm
245,Ehiciad,Fvv
246,Jecfontaf,Gzf
247,Hatugsor,Pvr
248,Jiplojvo,Zji
249,Rabandop,Kfm
250,Rudesa,Zjb
251,Avdiszo,Onr
252,Gakekasa,Hcg
253,Vetadsim,Zfa
254,Babela,Wec
255,Miimnoc,Cdk
256,Mimibza,Syu
257,Vebenana,Dck
258,Uctifat,Ppc
259,Vanvozcil,Uzf
260,Dehmahona,Zso
261,Okamomli,Azp
262,Suzsassoh,Xpz
263,Dogucaduz,Mqz
264,Dalgespi,Tch
265,Ruwaplut,Zpw
266,Gevjafho,Utd
267,Dinopinel,Xhz
268,Esibijeg,Wpu
269,Diggagoh,Rzj
270,Sapwiab,Rzt
271,Hepzolhes,Xfv
272,Pobohhev,Iux
273,Telidnev,Lvz
274,Koweklib,Ofh
275,Wipudi,Rgx
276,Kapieb,Otv
277,Bahihega,Khk
278,Litdezdag,Qse
279,Wikjikwed,Ald
280,Dahsumbu,Utx
281,Mondavi,Goc
282,Liwneksu,Vsz
283,Ropdebneb,Zqo
284,Kujueg,Icc
285,Naabgin,Zwm
286,Topebkaj,Zbc
287,Zavdowo,Dbo
288,Cagzejfu,Vye
289,Dauworuz,Jvl
290,Duvvava,Nuz
291,Tukzopton,Gct
292,Jefmiito,Trm
293,Efekegi,Tcb
294,Kuljevum,Yhy
295,Fulejudo,Wxt
296,Edcajis,Smb
297,Gofkukim,Foo
298,Sufufor,Oap
299,Vobevti,Els
300,Zuwnajaf,Rtt
301,Sopoliv,Vva
302,Hanewzed,Fiv
303,Haolpig,Igu
304,Imfohzeg,Vig
305,Udedkam,Cqv
306,Ducewmej,Dig
307,Zipmoze,Tus
308,Fuotahe,Fzs
309,Nelufda,Yry
310,Pomoki,Fao
311,Moluvzep,Nbj
312,Lazjapmag,Otw
313,Iveruaj,Pkm
314,Abwepfud,Ekg
315,Ojsigic,Fjl
316,Haatoso,Jcw
317,Ulpidaz,Ple
318,Hikkowduk,Bfx
319,Gahlele,Ybv
320,Devhozuwi,Zfk
321,Wirejtoh,Uzz
322,Eserle,Eoj
323,Ojdebjud,Okv
324,Gaijza,Lfa
325,Usonosin,Dgg
326,Morive,Lvb
327,Lamejnu,Mmf
328,Kujezi,Prd
329,Hivmofmir,Kxs
330,Ivureaco,Kgp
331,Unnapic,Ytn
332,Bicerug,Zeq
333,Ubumedu,Yjf
334,Vomogepah,Wyv
335,Ebbakeb,Dpv
336,Tofucid,Ufy
337,Fiocono,Qme
338,Juloeme,Ery
339,Mimlaple,Zed
340,Erazituc,Voo
341,Wagulsuh,Htj
342,Jujejoto,Jgx
343,Momuwsas,Rne
344,Esiziiva,Lme
345,Jiajdu,Qwr
346,Lorirco,Pdw
347,Wilihwaj,Hmx
348,Wocipuz,Qny
349,Jepmosem,Sia
350,Biganuro,Upk
351,Ridruhas,Hhh
352,Cujcarcaf,Sqw
353,Vujanoho,Fjp
354,Suwuda,Kht
355,Huweranu,Eqy
356,Guzoafe,Mqw
357,Bocehuju,Ies
358,Kodmicuba,Upa
359,Hobimav,Huw
360,Nudukeovo,Hqw
361,Moegogi,Yzu
362,Ufajodad,Fgd
363,Sienkih,Xcf
364,Mireha,Kcj
365,Gudcaup,Pxy
366,Ahkazir,Oct
367,Esdanwi,Dag
368,Laneboon,Iab
369,Subwevub,Pxa
370,Revrufbon,Nco
371,Enedasi,Xzw
372,Cebkuta,Qic
373,Reptutfu,Oou
374,Wawaozi,Cfx
375,Rilzepme,Oaj
376,Ribomok,Dht
377,Popnese,Qxu
378,Jiwira,Gxr
379,Nidmeter,Szo
380,Gezipeis,Ocd
381,Bohmikro,Syw
382,Vavculiki,Ffp
383,Jojlahe,Ltw
384,Lahueco,Ofo
385,Lihhivag,Qlz
386,Laafzos,Eav
387,Abodekki,Zlm
388,Hutamuce,Tqv
389,Kilaka,Mhj
390,Gusebo,Nyf
391,Afaanha,Fmg
392,Tadvimko,Tqf
393,Biwduvhu,Mzn
394,Idposki,Ogp
395,Foadigi,Uoc
396,Fuugogaz,Rxu
397,Padifde,Aad
398,Leduftu,Hay
399,Dejnovwik,Bpi
400,Tasburpa,Yrt
